Ref,Val,Package,PosX,PosY,Rot,Side
"C1","0.1uF","C_0402_1005Metric",2.410000,-2.560000,0.000000,bottom
"C2","0.1uF","C_0402_1005Metric",2.000000,-2.650000,180.000000,bottom
"C3","0.1uF","C_0402_1005Metric",2.020000,-2.840000,90.000000,bottom
"C4","0.1uF","C_0402_1005Metric",2.390000,-2.830000,90.000000,bottom
"C5","0.1uF","C_0402_1005Metric",2.080000,-2.890000,0.000000,bottom
"C6","1uF","C_0402_1005Metric",2.550000,-2.870000,180.000000,bottom
"C7","10uF","C_0603_1608Metric",1.930000,-2.600000,180.000000,bottom
"C8","1uF","C_0402_1005Metric",2.440000,-2.830000,90.000000,bottom
"C9","0.1uF","C_0402_1005Metric",2.420000,-2.190000,90.000000,bottom
"C10","4.7uF","C_0603_1608Metric",2.295630,-2.290000,0.000000,bottom
"C11","0.1uF","C_0402_1005Metric",2.000000,-2.380000,270.000000,bottom
"C12","1nF","C_0402_1005Metric",2.200630,-2.155000,180.000000,bottom
"C13","33nF","C_0402_1005Metric",2.275000,-2.350000,0.000000,bottom
"C14","22pF","C_0402_1005Metric",1.695000,-2.360000,180.000000,bottom
"C15","22pF","C_0402_1005Metric",1.685000,-2.130000,180.000000,bottom
"C16","2.2nF","C_0402_1005Metric",2.055000,-2.035000,90.000000,bottom
"C17","1.5pF","C_0402_1005Metric",2.140630,-2.000000,270.000000,bottom
"C18","4.7pF","C_0402_1005Metric",2.010000,-2.035000,90.000000,bottom
"C19","1.0pF","C_0402_1005Metric",2.160000,-1.935000,0.000000,bottom
"C20","0.1uF","C_0402_1005Metric",3.580000,-2.190000,180.000000,bottom
"C21","1uF","C_0402_1005Metric",3.810000,-2.150000,270.000000,bottom
"C22","1uF","C_0402_1005Metric",3.630000,-2.370000,0.000000,bottom
"C23","4.7uF","C_0603_1608Metric",3.870000,-2.480000,0.000000,bottom
"C24","4.7uF","C_0603_1608Metric",2.650000,-1.690000,270.000000,bottom
"C25","10uF","C_0603_1608Metric",3.560000,-2.530000,270.000000,bottom
"C26","10uF","C_0603_1608Metric",2.720000,-1.690000,270.000000,bottom
"C27","1uF","C_0402_1005Metric",3.360000,-2.800000,0.000000,bottom
"C28","1uF","C_0402_1005Metric",3.110000,-2.880000,180.000000,bottom
"C29","0.1uF","C_0402_1005Metric",3.660000,-2.190000,180.000000,bottom
"C30","0.1uF","C_0402_1005Metric",2.710000,-5.850000,90.000000,bottom
"C31","0.1uF","C_0402_1005Metric",3.140000,-3.620000,270.000000,bottom
"C32","0.1uF","C_0402_1005Metric",4.900000,-3.620000,270.000000,bottom
"C33","0.1uF","C_0402_1005Metric",6.770000,-5.890000,90.000000,bottom
"C34","0.1uF","C_0402_1005Metric",7.090000,-3.610000,270.000000,bottom
"C35","0.1uF","C_0402_1005Metric",9.070000,-3.630000,270.000000,bottom
"C36","0.1uF","C_0402_1005Metric",8.480000,-5.890000,90.000000,bottom
"C37","0.1uF","C_0402_1005Metric",4.490000,-5.880000,90.000000,bottom
"C38","0.1uF","C_0402_1005Metric",10.800000,-3.610000,270.000000,bottom
"C39","0.1uF","C_0402_1005Metric",10.530000,-5.870906,90.000000,bottom
"C40","0.1uF","C_0402_1005Metric",12.490000,-5.850000,90.000000,bottom
"C41","0.1uF","C_0402_1005Metric",12.530000,-3.450000,180.000000,bottom
"D1","D_Small","D_SOD-323_HandSoldering",1.940000,-3.480000,90.000000,bottom
"D2","D_Small","D_SOD-323_HandSoldering",2.130000,-4.220000,90.000000,bottom
"D3","D_Small","D_SOD-323_HandSoldering",2.220000,-5.007500,90.000000,bottom
"D4","D_Small","D_SOD-323_HandSoldering",2.407500,-5.757500,90.000000,bottom
"D5","D_Small","D_SOD-323_HandSoldering",2.032500,-6.507500,90.000000,bottom
"D6","D_Small","D_SOD-323_HandSoldering",2.690000,-3.480000,90.000000,bottom
"D7","D_Small","D_SOD-323_HandSoldering",3.070000,-4.220000,90.000000,bottom
"D8","D_Small","D_SOD-323_HandSoldering",3.251250,-5.007500,90.000000,bottom
"D9","D_Small","D_SOD-323_HandSoldering",3.626250,-5.757500,90.000000,bottom
"D10","D_Small","D_SOD-323_HandSoldering",2.970000,-6.507500,90.000000,bottom
"D11","D_Small","D_SOD-323_HandSoldering",3.440000,-3.480000,90.000000,bottom
"D12","D_Small","D_SOD-323_HandSoldering",3.810000,-4.220000,90.000000,bottom
"D13","D_Small","D_SOD-323_HandSoldering",4.001250,-5.007500,90.000000,bottom
"D14","D_Small","D_SOD-323_HandSoldering",4.376250,-5.740000,90.000000,bottom
"D15","D_Small","D_SOD-323_HandSoldering",3.907500,-6.507500,90.000000,bottom
"D16","D_Small","D_SOD-323_HandSoldering",4.190000,-3.480000,90.000000,bottom
"D17","D_Small","D_SOD-323_HandSoldering",4.563750,-4.220000,90.000000,bottom
"D18","D_Small","D_SOD-323_HandSoldering",4.751250,-5.007500,90.000000,bottom
"D19","D_Small","D_SOD-323_HandSoldering",5.126250,-5.757500,90.000000,bottom
"D20","D_Small","D_SOD-323_HandSoldering",6.720000,-6.507500,90.000000,bottom
"D21","D_Small","D_SOD-323_HandSoldering",4.940000,-3.480000,90.000000,bottom
"D22","D_Small","D_SOD-323_HandSoldering",5.313750,-4.220000,90.000000,bottom
"D23","D_Small","D_SOD-323_HandSoldering",5.501250,-5.007500,90.000000,bottom
"D24","D_Small","D_SOD-323_HandSoldering",5.876250,-5.757500,90.000000,bottom
"D25","D_Small","D_SOD-323_HandSoldering",9.438750,-6.507500,90.000000,bottom
"D26","D_Small","D_SOD-323_HandSoldering",5.690000,-3.480000,90.000000,bottom
"D27","D_Small","D_SOD-323_HandSoldering",6.063750,-4.220000,90.000000,bottom
"D28","D_Small","D_SOD-323_HandSoldering",6.251250,-5.007500,90.000000,bottom
"D29","D_Small","D_SOD-323_HandSoldering",6.626250,-5.757500,90.000000,bottom
"D30","D_Small","D_SOD-323_HandSoldering",10.188750,-6.507500,90.000000,bottom
"D31","D_Small","D_SOD-323_HandSoldering",6.440000,-3.480000,90.000000,bottom
"D32","D_Small","D_SOD-323_HandSoldering",6.813750,-4.220000,90.000000,bottom
"D33","D_Small","D_SOD-323_HandSoldering",7.001250,-5.007500,90.000000,bottom
"D34","D_Small","D_SOD-323_HandSoldering",7.376250,-5.757500,90.000000,bottom
"D35","D_Small","D_SOD-323_HandSoldering",10.938750,-6.507500,90.000000,bottom
"D36","D_Small","D_SOD-323_HandSoldering",7.190000,-3.480000,90.000000,bottom
"D37","D_Small","D_SOD-323_HandSoldering",7.563750,-4.220000,90.000000,bottom
"D38","D_Small","D_SOD-323_HandSoldering",7.751250,-5.007500,90.000000,bottom
"D39","D_Small","D_SOD-323_HandSoldering",8.126250,-5.757500,90.000000,bottom
"D40","D_Small","D_SOD-323_HandSoldering",11.688750,-6.507500,90.000000,bottom
"D41","D_Small","D_SOD-323_HandSoldering",7.940000,-3.480000,90.000000,bottom
"D42","D_Small","D_SOD-323_HandSoldering",8.313750,-4.220000,90.000000,bottom
"D43","D_Small","D_SOD-323_HandSoldering",8.501250,-5.007500,90.000000,bottom
"D44","D_Small","D_SOD-323_HandSoldering",8.876250,-5.757500,90.000000,bottom
"D45","D_Small","D_SOD-323_HandSoldering",12.438750,-6.507500,90.000000,bottom
"D46","D_Small","D_SOD-323_HandSoldering",8.620000,-3.450000,90.000000,bottom
"D47","D_Small","D_SOD-323_HandSoldering",9.063750,-4.220000,90.000000,bottom
"D48","D_Small","D_SOD-323_HandSoldering",9.251250,-5.007500,90.000000,bottom
"D49","D_Small","D_SOD-323_HandSoldering",9.626250,-5.757500,90.000000,bottom
"D50","D_Small","D_SOD-323_HandSoldering",13.188750,-6.507500,90.000000,bottom
"D51","D_Small","D_SOD-323_HandSoldering",9.440000,-3.480000,90.000000,bottom
"D52","D_Small","D_SOD-323_HandSoldering",9.813750,-4.220000,90.000000,bottom
"D53","D_Small","D_SOD-323_HandSoldering",10.001250,-5.007500,90.000000,bottom
"D54","D_Small","D_SOD-323_HandSoldering",10.376250,-5.757500,90.000000,bottom
"D55","D_Small","D_SOD-323_HandSoldering",10.190000,-3.480000,90.000000,bottom
"D56","D_Small","D_SOD-323_HandSoldering",10.563750,-4.220000,90.000000,bottom
"D57","D_Small","D_SOD-323_HandSoldering",10.751250,-5.007500,90.000000,bottom
"D58","D_Small","D_SOD-323_HandSoldering",11.407500,-5.757500,90.000000,bottom
"D59","D_Small","D_SOD-323_HandSoldering",10.940000,-3.480000,90.000000,bottom
"D60","D_Small","D_SOD-323_HandSoldering",11.313750,-4.220000,90.000000,bottom
"D61","D_Small","D_SOD-323_HandSoldering",11.970000,-5.007500,90.000000,bottom
"D62","D_Small","D_SOD-323_HandSoldering",12.350000,-5.730000,90.000000,bottom
"D63","D_Small","D_SOD-323_HandSoldering",12.060000,-3.480000,90.000000,bottom
"D64","D_Small","D_SOD-323_HandSoldering",12.260000,-4.220000,90.000000,bottom
"D65","D_Small","D_SOD-323_HandSoldering",13.188750,-5.007500,90.000000,bottom
"D66","D_Small","D_SOD-323_HandSoldering",13.188750,-5.757500,90.000000,bottom
"D67","D_Small","D_SOD-323_HandSoldering",13.190000,-3.470000,90.000000,bottom
"D68","D_Small","D_SOD-323_HandSoldering",13.190000,-4.220000,90.000000,bottom
"D69","WS2812B","LED_WS2812B_PLCC4_5.0x5.0mm_P3.2mm",2.970000,-3.620000,180.000000,bottom
"D73","WS2812B","LED_WS2812B_PLCC4_5.0x5.0mm_P3.2mm",2.880000,-5.850000,0.000000,bottom
"D74","WS2812B","LED_WS2812B_PLCC4_5.0x5.0mm_P3.2mm",4.730000,-3.600000,180.000000,bottom
"D75","WS2812B","LED_WS2812B_PLCC4_5.0x5.0mm_P3.2mm",4.660000,-5.850000,0.000000,bottom
"D76","WS2812B","LED_WS2812B_PLCC4_5.0x5.0mm_P3.2mm",6.920000,-3.610000,180.000000,bottom
"D77","WS2812B","LED_WS2812B_PLCC4_5.0x5.0mm_P3.2mm",6.940000,-5.850000,0.000000,bottom
"D78","WS2812B","LED_WS2812B_PLCC4_5.0x5.0mm_P3.2mm",8.900000,-3.620000,180.000000,bottom
"D79","WS2812B","LED_WS2812B_PLCC4_5.0x5.0mm_P3.2mm",8.650000,-5.850000,0.000000,bottom
"D80","WS2812B","LED_WS2812B_PLCC4_5.0x5.0mm_P3.2mm",10.700000,-5.850000,0.000000,bottom
"D81","WS2812B","LED_WS2812B_PLCC4_5.0x5.0mm_P3.2mm",10.630000,-3.610000,180.000000,bottom
"D82","WS2812B","LED_WS2812B_PLCC4_5.0x5.0mm_P3.2mm",12.530000,-3.600000,180.000000,bottom
"D83","WS2812B","LED_WS2812B_PLCC4_5.0x5.0mm_P3.2mm",12.660000,-5.850000,0.000000,bottom
"FB1","60 @ 100MHz","R_0603_1608Metric_Pad1.05x0.95mm_HandSolder",2.580000,-1.690000,270.000000,bottom
"J2","SMA","SMA_Amphenol_132289_EdgeMount",2.070000,-1.730000,90.000000,bottom
"J4","S2B-PH-SM4-TB","JST_PH_S2B-PH-SM4-TB_1x02-1MP_P2.00mm_Horizontal",3.240000,-1.990000,90.000000,bottom
"J5","S2B-PH-SM4-TB","JST_PH_S2B-PH-SM4-TB_1x02-1MP_P2.00mm_Horizontal",3.240000,-2.360000,90.000000,bottom
"L1","8.2nH","L_0402_1005Metric",2.121535,-2.145000,0.000000,bottom
"L2","2.7nH","L_0402_1005Metric",2.075000,-2.100000,180.000000,bottom
"L3","3.9nH","L_0402_1005Metric",2.140630,-2.080000,90.000000,bottom
"R1","22K","R_0402_1005Metric",2.470000,-2.190000,270.000000,bottom
"R2","22K","R_0402_1005Metric",2.255630,-2.215000,270.000000,bottom
"R3","1M","R_0603_1608Metric_Pad1.05x0.95mm_HandSolder",1.895000,-2.250000,270.000000,bottom
"R5","100R","R_0402_1005Metric",2.960000,-2.010000,270.000000,bottom
"R6","1.1K","R_0402_1005Metric",3.570000,-2.410000,90.000000,bottom
"R7","22K","R_0402_1005Metric",1.670000,-2.770000,90.000000,bottom
"R8","820R","R_0402_1005Metric",3.740000,-2.380000,0.000000,bottom
"R9","100K","R_0402_1005Metric",3.910000,-2.300000,0.000000,bottom
"R10","10K","R_0603_1608Metric_Pad1.05x0.95mm_HandSolder",3.680000,-2.310000,180.000000,bottom
"R11","100R","R_0402_1005Metric",3.670000,-2.620000,90.000000,bottom
"R12","100R","R_0402_1005Metric",3.620000,-2.620906,90.000000,bottom
"R13","100K","R_0402_1005Metric",3.554000,-2.130000,270.000000,bottom
"R14","30m","R_0805_2012Metric",3.910000,-2.070000,0.000000,bottom
"R15","1.1K","R_0402_1005Metric",3.760000,-2.150000,270.000000,bottom
"R16","3.3K","R_0603_1608Metric_Pad1.05x0.95mm_HandSolder",3.000000,-2.520000,270.000000,bottom
"R17","3.3K","R_0603_1608Metric_Pad1.05x0.95mm_HandSolder",2.860000,-2.550000,180.000000,bottom
"R18","100K","R_0402_1005Metric",3.510000,-2.130000,90.000000,bottom
"U1","STM32L452CEUx","QFN-48-1EP_7x7mm_P0.5mm_EP5.6x5.6mm",2.204409,-2.705591,0.000000,bottom
"U2","nRF24L01P","QFN-20-1EP_4x4mm_P0.5mm_EP2.5x2.5mm",2.130630,-2.280000,90.000000,bottom
"U3","USBLC6-2SC6","SOT-23-6",2.750000,-2.180000,90.000000,bottom
"U4","BQ24075","QFN-16-1EP_3x3mm_P0.5mm_EP1.7x1.7mm",3.677480,-2.482362,180.000000,bottom
"U6","STC3100","DFN-8-1EP_3x3mm_P0.5mm_EP1.66x2.38mm",3.656772,-2.100000,0.000000,bottom
"U7","LD39050P","DFN-6-1EP_3x3mm_P0.95mm_EP1.7x2.6mm",3.230000,-2.840000,180.000000,bottom
"Y2","Crystal_GND24","Crystal_SMD_3225-4Pin_3.2x2.5mm",1.755000,-2.240000,135.000000,bottom
"D70","G_LED","LED_0603_1608Metric",2.990000,-1.900000,90.000000,top
"D71","Y_LED","LED_0603_1608Metric",3.710000,-2.780000,270.000000,top
"D72","G_LED","LED_0603_1608Metric",3.610000,-2.780000,270.000000,top
"J1","Conn_ARM_JTAG_SWD_10","PinHeader_2x05_P1.27mm_Vertical_SMD",2.870000,-2.760000,90.000000,top
"SW1","RESET","SW_SPST_B3S-1000",2.490000,-2.190000,0.000000,top
"SW2","`","MXOnly-1U-Hotswap",2.220000,-3.320000,0.000000,top
"SW3","1","MXOnly-1U-Hotswap",2.970000,-3.320000,0.000000,top
"SW4","2","MXOnly-1U-Hotswap",3.720000,-3.320000,0.000000,top
"SW5","3","MXOnly-1U-Hotswap",4.470000,-3.320000,0.000000,top
"SW6","4","MXOnly-1U-Hotswap",5.220000,-3.320000,0.000000,top
"SW7","5","MXOnly-1U-Hotswap",5.970000,-3.320000,0.000000,top
"SW8","6","MXOnly-1U-Hotswap",6.720000,-3.320000,0.000000,top
"SW9","7","MXOnly-1U-Hotswap",7.470000,-3.320000,0.000000,top
"SW10","8","MXOnly-1U-Hotswap",8.220000,-3.320000,0.000000,top
"SW11","9","MXOnly-1U-Hotswap",8.970000,-3.320000,0.000000,top
"SW12","0","MXOnly-1U-Hotswap",9.720000,-3.320000,0.000000,top
"SW13","-","MXOnly-1U-Hotswap",10.470000,-3.320000,0.000000,top
"SW14","=","MXOnly-1U-Hotswap",11.220000,-3.320000,0.000000,top
"SW15","BACKSPACE","MXOnly-2U-Hotswap",12.345000,-3.320000,0.000000,top
"SW16","HOME","MXOnly-1U-Hotswap",13.470000,-3.320000,0.000000,top
"SW17","TAB","MXOnly-1.5U-Hotswap",2.407500,-4.070000,0.000000,top
"SW18","CAPS LOCK","MXOnly-1.75U-Hotswap",2.501250,-4.820000,0.000000,top
"SW19","L_SHIFT","MXOnly-2.25U-Hotswap",2.688750,-5.570000,0.000000,top
"SW20","L_CTRL","MXOnly-1.25U-Hotswap",2.313750,-6.320000,0.000000,top
"SW21","Q","MXOnly-1U-Hotswap",3.345000,-4.070000,0.000000,top
"SW22","A","MXOnly-1U-Hotswap",3.532500,-4.820000,0.000000,top
"SW23","Z","MXOnly-1U-Hotswap",3.907500,-5.570000,0.000000,top
"SW24","WIN","MXOnly-1.25U-Hotswap",3.251250,-6.320000,0.000000,top
"SW25","W","MXOnly-1U-Hotswap",4.095000,-4.070000,0.000000,top
"SW26","S","MXOnly-1U-Hotswap",4.282500,-4.820000,0.000000,top
"SW27","X","MXOnly-1U-Hotswap",4.657500,-5.570000,0.000000,top
"SW28","L_ALT","MXOnly-1.25U-Hotswap",4.188750,-6.320000,0.000000,top
"SW29","E","MXOnly-1U-Hotswap",4.845000,-4.070000,0.000000,top
"SW30","D","MXOnly-1U-Hotswap",5.032500,-4.820000,0.000000,top
"SW31","C","MXOnly-1U-Hotswap",5.407500,-5.570000,0.000000,top
"SW32","SPACE","MXOnly-6.25U-Hotswap",7.001250,-6.320000,0.000000,top
"SW33","R","MXOnly-1U-Hotswap",5.595000,-4.070000,0.000000,top
"SW34","F","MXOnly-1U-Hotswap",5.782500,-4.820000,0.000000,top
"SW35","V","MXOnly-1U-Hotswap",6.157500,-5.570000,0.000000,top
"SW36","R_ALT","MXOnly-1U-Hotswap",9.720000,-6.320000,0.000000,top
"SW37","T","MXOnly-1U-Hotswap",6.345000,-4.070000,0.000000,top
"SW38","G","MXOnly-1U-Hotswap",6.532500,-4.820000,0.000000,top
"SW39","B","MXOnly-1U-Hotswap",6.907500,-5.570000,0.000000,top
"SW40","FN","MXOnly-1U-Hotswap",10.470000,-6.320000,0.000000,top
"SW41","Y","MXOnly-1U-Hotswap",7.095000,-4.070000,0.000000,top
"SW42","H","MXOnly-1U-Hotswap",7.282500,-4.820000,0.000000,top
"SW43","N","MXOnly-1U-Hotswap",7.657500,-5.570000,0.000000,top
"SW44","R_CTRL","MXOnly-1U-Hotswap",11.220000,-6.320000,0.000000,top
"SW45","U","MXOnly-1U-Hotswap",7.845000,-4.070000,0.000000,top
"SW46","J","MXOnly-1U-Hotswap",8.032500,-4.820000,0.000000,top
"SW47","M","MXOnly-1U-Hotswap",8.407500,-5.570000,0.000000,top
"SW48","LEFT","MXOnly-1U-Hotswap",11.970000,-6.320000,0.000000,top
"SW49","I","MXOnly-1U-Hotswap",8.595000,-4.070000,0.000000,top
"SW50","K","MXOnly-1U-Hotswap",8.782500,-4.820000,0.000000,top
"SW51",",","MXOnly-1U-Hotswap",9.157500,-5.570000,0.000000,top
"SW52","DOWN","MXOnly-1U-Hotswap",12.720000,-6.320000,0.000000,top
"SW53","O","MXOnly-1U-Hotswap",9.345000,-4.070000,0.000000,top
"SW54","L","MXOnly-1U-Hotswap",9.532500,-4.820000,0.000000,top
"SW55",".","MXOnly-1U-Hotswap",9.907500,-5.570000,0.000000,top
"SW56","RIGHT","MXOnly-1U-Hotswap",13.470000,-6.320000,0.000000,top
"SW57","P","MXOnly-1U-Hotswap",10.095000,-4.070000,0.000000,top
"SW58",";","MXOnly-1U-Hotswap",10.282500,-4.820000,0.000000,top
"SW59","/","MXOnly-1U-Hotswap",10.657500,-5.570000,0.000000,top
"SW60","[","MXOnly-1U-Hotswap",10.845000,-4.070000,0.000000,top
"SW61","'","MXOnly-1U-Hotswap",11.032500,-4.820000,0.000000,top
"SW62","R_SHIFT","MXOnly-1.75U-Hotswap",11.688750,-5.570000,0.000000,top
"SW63","]","MXOnly-1U-Hotswap",11.595000,-4.070000,0.000000,top
"SW64","ENTER","MXOnly-2.25U-Hotswap",12.251250,-4.820000,0.000000,top
"SW65","UP","MXOnly-1U-Hotswap",12.720000,-5.570000,0.000000,top
"SW66","\","MXOnly-1.5U-Hotswap",12.532500,-4.070000,0.000000,top
"SW67","PAGE DOWN","MXOnly-1U-Hotswap",13.470000,-4.820000,0.000000,top
"SW68","END","MXOnly-1U-Hotswap",13.470000,-5.570000,0.000000,top
"SW69","PAGE UP","MXOnly-1U-Hotswap",13.470000,-4.070000,0.000000,top
"SW70","BOOT0","SW_SPST_B3S-1000",1.830000,-2.770000,180.000000,top
